archivo,creator,producer,pages,clasificacion_metadatos
02_Evidencias/Consentimientos/ENTR-01_Consentimiento_Censurado.pdf,,iLovePDF,3,NON_WORD_PDF
02_Evidencias/Consentimientos/ENTR-02_Consentimiento_Censurado.pdf,Microsoft® Word para Microsoft 365,Microsoft® Word para Microsoft 365,3,WORD_ORIGIN_DOCUMENTED
02_Evidencias/Consentimientos/ENTR-03_Consentimiento_Censurado.pdf,Microsoft® Word para Microsoft 365,Microsoft® Word para Microsoft 365,3,WORD_ORIGIN_DOCUMENTED
02_Evidencias/Consentimientos/ENTR-04_Consentimiento_Censurado.pdf,Microsoft® Word para Microsoft 365,Microsoft® Word para Microsoft 365,3,WORD_ORIGIN_DOCUMENTED
02_Evidencias/Consentimientos/ENTR-05_Consentimiento_Censurado.pdf,,,3,NON_WORD_PDF
02_Evidencias/Consentimientos/ENTR-06_Consentimiento_Censurado.pdf,Microsoft® Word para Microsoft 365,Microsoft® Word para Microsoft 365,4,WORD_ORIGIN_DOCUMENTED
02_Evidencias/Consentimientos/ENTR-07_Consentimiento_Censurado.pdf,,,3,NON_WORD_PDF
02_Evidencias/Consentimientos/ENTR-08_Consentimiento_Censurado.pdf,,,2,NON_WORD_PDF
02_Evidencias/Consentimientos/ENTR-09_Consentimiento_Censurado.pdf,,,2,NON_WORD_PDF
02_Evidencias/Consentimientos/ENTR-10_Consentimiento_Censurado.pdf,,,3,NON_WORD_PDF
02_Evidencias/Consentimientos/WALK-TEC-01_Consentimiento_Censurado.pdf,,,3,NON_WORD_PDF
02_Evidencias/Consentimientos/WALK-TEC-02_Consentimiento_Censurado.pdf,,,3,NON_WORD_PDF
02_Evidencias/Consentimientos/WALK-TEC-03_Consentimiento_Censurado.pdf,,,3,NON_WORD_PDF
02_Evidencias/Consentimientos/WALK_NTEC_01_Consentimiento_Censurado.pdf,,,3,NON_WORD_PDF
02_Evidencias/Consentimientos/WALK_NTEC_02_Consentimiento_Censurado.pdf,,,3,NON_WORD_PDF
02_Evidencias/Consentimientos/WALK_NTEC_03_Consentimiento_Censurado.pdf,,,3,NON_WORD_PDF
