"ruta_interna","nombre_archivo","tipo_evidencia","fecha_sesion","fecha_procesamiento","codigo_participante","duracion","codec_formato","tamano_kb_reportado","sha256","estado_revision","observaciones"
"Entrevistas/Audios/2026-07-25_Audio_ENTR-10_InstructorGym.mp3","2026-07-25_Audio_ENTR-10_InstructorGym.mp3","audio","2026-07-25","2026-09-01 14:48","ENTR-10","00:18:07","MP3 (audio=MP3)","16979","8e8e1fa3698f890dc4ab0b227232c0dee0d1749234679bc31c95a508cabb79e8","COMPLETO","Ficha técnica completa: duración, formato/códec, tamaño y SHA-256 registrados."
"Entrevistas/Audios/2026-07-27_Audio_ENTR-02_RecepcionistaGym.mp3","2026-07-27_Audio_ENTR-02_RecepcionistaGym.mp3","audio","2026-07-27","2026-09-01 14:48","ENTR-02","00:22:13","MP3 (audio=MP3)","20836","bf74fcd4e0df2c1168aaa094d5f871363d6ae379db47362f739de851d9a05d0a","COMPLETO","Ficha técnica completa: duración, formato/códec, tamaño y SHA-256 registrados."
"Entrevistas/Audios/2026-07-27_Audio_ENTR-03_RecepcionistaGym.mp3","2026-07-27_Audio_ENTR-03_RecepcionistaGym.mp3","audio","2026-07-27","2026-09-01 14:48","ENTR-03","00:22:17","MP3 (audio=MP3)","20895","d0139b56f20d82611ff11a45a953264f82c50ca258be781aed867fa6740f941b","COMPLETO","Ficha técnica completa: duración, formato/códec, tamaño y SHA-256 registrados."
"Entrevistas/Audios/2026-07-27_Audio_ENTR-04_RecepcionistaGym.mp3","2026-07-27_Audio_ENTR-04_RecepcionistaGym.mp3","audio","2026-07-27","2026-09-01 14:48","ENTR-04","00:24:05","MP3 (audio=MP3)","22575","dd9192e153a84300d7449e0f6bcb442dd3022b68e9277440aaf87fc7aa56a474","COMPLETO","Ficha técnica completa: duración, formato/códec, tamaño y SHA-256 registrados."
"Entrevistas/Audios/2026-07-28_Audio_ENTR-01_DuenoGym.mp3","2026-07-28_Audio_ENTR-01_DuenoGym.mp3","audio","2026-07-28","2026-09-01 14:48","ENTR-01","00:11:09","MP3 (audio=MP3)","10448","2386706802f9612509f7d8b7ed0c9e7f45d9593ce986e2ca99ce4a24f1de5ff3","COMPLETO","Ficha técnica completa: duración, formato/códec, tamaño y SHA-256 registrados."
"Entrevistas/Audios/2026-07-28_Audio_ENTR-05_RecepcionistaGym.mp3","2026-07-28_Audio_ENTR-05_RecepcionistaGym.mp3","audio","2026-07-28","2026-09-01 14:48","ENTR-05","00:20:10","MP3 (audio=MP3)","18900","8a2ebffe96d443be570892bb7b55e6abe507d659a1a67e516fd52af246e1f2ad","COMPLETO","Ficha técnica completa: duración, formato/códec, tamaño y SHA-256 registrados."
"Entrevistas/Audios/2026-07-28_Audio_ENTR-07_DuenoGym.mp3","2026-07-28_Audio_ENTR-07_DuenoGym.mp3","audio","2026-07-28","2026-09-01 14:48","ENTR-07","00:38:02","MP3 (audio=MP3)","35653","364bfccfcde961366dbf62a9a79cc1d0eae42ea394acd91899f14b9decf9bfd6","COMPLETO","Ficha técnica completa: duración, formato/códec, tamaño y SHA-256 registrados."
"Entrevistas/Audios/2026-07-28_Audio_ENTR-08_RecepcionistaGym.mp3","2026-07-28_Audio_ENTR-08_RecepcionistaGym.mp3","audio","2026-07-28","2026-09-01 14:48","ENTR-08","00:17:41","MP3 (audio=MP3)","16575","48c02f4ac5e8db0b39f370374576addc81162e0043ff4acc7ebab86e0a7f6d90","COMPLETO","Ficha técnica completa: duración, formato/códec, tamaño y SHA-256 registrados."
"Entrevistas/Audios/2026-07-28_Audio_ENTR-09_InstructorGym.mp3","2026-07-28_Audio_ENTR-09_InstructorGym.mp3","audio","2026-07-28","2026-09-01 14:48","ENTR-09","00:21:06","MP3 (audio=MP3)","19787","4bb5d0db6a2cb561ccfcf3f0bcf3b6f77d852cbac2ba889f75bacbb35b3e3d7c","COMPLETO","Ficha técnica completa: duración, formato/códec, tamaño y SHA-256 registrados."
"Entrevistas/Audios/2026-07-29_Audio_ENTR-06_DuenoGym.mp3","2026-07-29_Audio_ENTR-06_DuenoGym.mp3","audio","2026-07-29","2026-09-01 14:48","ENTR-06","00:27:51","MP3 (audio=MP3)","26110","8d404d41c1bbf53c6fed764f0388dadd15a8da1ff3758bbc84a6782309920dd9","COMPLETO","Ficha técnica completa: duración, formato/códec, tamaño y SHA-256 registrados."
"Entrevistas/Consentimientos/ENTR-01_Consentimiento_Original.pdf","ENTR-01_Consentimiento_Original.pdf","consentimiento","2026-07-28","2026-09-01 14:48","ENTR-01","NO_APLICA","PDF","565","f936e12a5e5984bfc27a655c8818366ae54363be3269614f8e3bb7a2b9e97f36","COMPLETO","Ficha técnica completa: formato, tamaño y SHA-256 registrados; duración no aplica."
"Entrevistas/Consentimientos/ENTR-02_Consentimiento_Original.pdf","ENTR-02_Consentimiento_Original.pdf","consentimiento","2026-07-27","2026-09-01 14:48","ENTR-02","NO_APLICA","PDF","223","64bb7242d9e81ced0a5bdccbea17f50141597eb25e862d0553d6461199732c2c","COMPLETO","Ficha técnica completa: formato, tamaño y SHA-256 registrados; duración no aplica."
"Entrevistas/Consentimientos/ENTR-03_Consentimiento_Original.pdf","ENTR-03_Consentimiento_Original.pdf","consentimiento","2026-07-27","2026-09-01 14:48","ENTR-03","NO_APLICA","PDF","168","91be16f0e19349e1c6125f3a39300d1e0ff097746195fd296804c7a0c7b9a5d7","COMPLETO","Ficha técnica completa: formato, tamaño y SHA-256 registrados; duración no aplica."
"Entrevistas/Consentimientos/ENTR-04_Consentimiento_Original.pdf","ENTR-04_Consentimiento_Original.pdf","consentimiento","2026-07-27","2026-09-01 14:48","ENTR-04","NO_APLICA","PDF","223","ada96f48ef75453437819de6355ac4ed672c55561646026f4029fa2f5a692bf2","COMPLETO","Ficha técnica completa: formato, tamaño y SHA-256 registrados; duración no aplica."
"Entrevistas/Consentimientos/ENTR-05_Consentimiento_Original.pdf","ENTR-05_Consentimiento_Original.pdf","consentimiento","2026-07-28","2026-09-01 14:48","ENTR-05","NO_APLICA","PDF","5363","2d7d55c153bece3054076629aa9b4aed0ae0dda394c1fddfb6be0ca2aa96c316","COMPLETO","Ficha técnica completa: formato, tamaño y SHA-256 registrados; duración no aplica."
"Entrevistas/Consentimientos/ENTR-06_Consentimiento_Original.pdf","ENTR-06_Consentimiento_Original.pdf","consentimiento","2026-07-29","2026-09-01 14:48","ENTR-06","NO_APLICA","PDF","178","40e7b7f99be3df91f840feb236551c6904393ce9c1df8f69387fec5f53c620ef","COMPLETO","Ficha técnica completa: formato, tamaño y SHA-256 registrados; duración no aplica."
"Entrevistas/Consentimientos/ENTR-07_Consentimiento_Original.pdf","ENTR-07_Consentimiento_Original.pdf","consentimiento","2026-07-28","2026-09-01 14:48","ENTR-07","NO_APLICA","PDF","5829","4895ba3418984aedd77517a7bfa2ca908e344837ff6b93c94edb31a3af1c9f50","COMPLETO","Ficha técnica completa: formato, tamaño y SHA-256 registrados; duración no aplica."
"Entrevistas/Consentimientos/ENTR-08_Consentimiento_Original.pdf","ENTR-08_Consentimiento_Original.pdf","consentimiento","2026-07-28","2026-09-01 14:48","ENTR-08","NO_APLICA","PDF","807","4ca60ffba6fecac8853637467bc9c24e49838d8e331a3cbebf68fcf5fa3dde59","COMPLETO","Ficha técnica completa: formato, tamaño y SHA-256 registrados; duración no aplica."
"Entrevistas/Consentimientos/ENTR-09_Consentimiento_Original.pdf","ENTR-09_Consentimiento_Original.pdf","consentimiento","2026-07-28","2026-09-01 14:48","ENTR-09","NO_APLICA","PDF","920","e51c95ffe25fe7611e6ee32a6086f9da9e8987968d9f901ff48a7b3c317b2021","COMPLETO","Ficha técnica completa: formato, tamaño y SHA-256 registrados; duración no aplica."
"Entrevistas/Consentimientos/ENTR-10_Consentimiento_Original.pdf","ENTR-10_Consentimiento_Original.pdf","consentimiento","2026-07-25","2026-09-01 14:48","ENTR-10","NO_APLICA","PDF","5297","afc1a851b9ce12bd0e96416bf007b4b430729b15d0e29160e42f384c0a2aad21","COMPLETO","Ficha técnica completa: formato, tamaño y SHA-256 registrados; duración no aplica."
"Entrevistas/Videos/2026-07-25_Video_ENTR-10_InstructorGym.mp4","2026-07-25_Video_ENTR-10_InstructorGym.mp4","video","2026-07-25","2026-09-01 14:48","ENTR-10","00:18:07","MP4 (video=H264, audio=AAC)","46864","3f4a23f1a10888942f5f47fe787a409aad32a223a5f4c829739fa6cee5f6ce5f","COMPLETO","Ficha técnica completa: duración, formato/códec, tamaño y SHA-256 registrados."
"Entrevistas/Videos/2026-07-27_Video_ENTR-02_RecepcionistaGym.mp4","2026-07-27_Video_ENTR-02_RecepcionistaGym.mp4","video","2026-07-27","2026-09-01 14:48","ENTR-02","00:22:13","MP4 (video=H264, audio=AAC)","58760","b39b686d3ac21dcafab54411248bf03d45d098d8c6063d6b2a05c20fba3bff88","COMPLETO","Ficha técnica completa: duración, formato/códec, tamaño y SHA-256 registrados."
"Entrevistas/Videos/2026-07-27_Video_ENTR-03_RecepcionistaGym.mp4","2026-07-27_Video_ENTR-03_RecepcionistaGym.mp4","video","2026-07-27","2026-09-01 14:48","ENTR-03","00:22:17","MP4 (video=H264, audio=AAC)","72347","4f9c1f5dceb9a32eb83aac1807a00f326b7fe4e62700855b6178fa7aee3a2204","COMPLETO","Ficha técnica completa: duración, formato/códec, tamaño y SHA-256 registrados."
"Entrevistas/Videos/2026-07-27_Video_ENTR-04_RecepcionistaGym.mp4","2026-07-27_Video_ENTR-04_RecepcionistaGym.mp4","video","2026-07-27","2026-09-01 14:48","ENTR-04","00:24:05","MP4 (video=H264, audio=AAC)","77065","8665b30707c294516ad94b8498a835b9f7d662e9c6b62a62458abbd7549dfb62","COMPLETO","Ficha técnica completa: duración, formato/códec, tamaño y SHA-256 registrados."
"Entrevistas/Videos/2026-07-28_Video_ENTR-01_DuenoGym.mp4","2026-07-28_Video_ENTR-01_DuenoGym.mp4","video","2026-07-28","2026-09-01 14:48","ENTR-01","00:11:09","MP4 (video=H264, audio=AAC)","76293","fe7a760e6345850307ca51ae5fa27fee3406f2fb93039c3a059549c0066b7b15","COMPLETO","Ficha técnica completa: duración, formato/códec, tamaño y SHA-256 registrados."
"Entrevistas/Videos/2026-07-28_Video_ENTR-05_RecepcionistaGym.mp4","2026-07-28_Video_ENTR-05_RecepcionistaGym.mp4","video","2026-07-28","2026-09-01 14:48","ENTR-05","00:20:10","MP4 (video=H264, audio=AAC)","66637","29e811ecdcb7119d826db2cff1ec0bf17c7f4a80c1f7ab7c9eff0f53213680a6","COMPLETO","Ficha técnica completa: duración, formato/códec, tamaño y SHA-256 registrados."
"Entrevistas/Videos/2026-07-28_Video_ENTR-07_DuenoGym.mp4","2026-07-28_Video_ENTR-07_DuenoGym.mp4","video","2026-07-28","2026-09-01 14:48","ENTR-07","00:37:56","MP4 (video=H264, audio=AAC)","86842","bb10811dc4b4791ebd73a56afdcf9fadf5ea979408d78ac14480d4c445ed3cb3","COMPLETO","Ficha técnica completa: duración, formato/códec, tamaño y SHA-256 registrados."
"Entrevistas/Videos/2026-07-28_Video_ENTR-08_RecepcionistaGym.mp4","2026-07-28_Video_ENTR-08_RecepcionistaGym.mp4","video","2026-07-28","2026-09-01 14:48","ENTR-08","00:17:41","MP4 (video=H264, audio=AAC)","34289","e87c84f49c4b9d06b3f4a169ea3dc2cf41327117915266e965546f40e0f3b099","COMPLETO","Ficha técnica completa: duración, formato/códec, tamaño y SHA-256 registrados."
"Entrevistas/Videos/2026-07-28_Video_ENTR-09_InstructorGym.mp4","2026-07-28_Video_ENTR-09_InstructorGym.mp4","video","2026-07-28","2026-09-01 14:48","ENTR-09","00:21:06","MP4 (video=H264, audio=AAC)","51583","85b7271fc55f047d7f249201d9ea4a42561a6cba128397a44742052f3a413a78","COMPLETO","Ficha técnica completa: duración, formato/códec, tamaño y SHA-256 registrados."
"Entrevistas/Videos/2026-07-29_Video_ENTR-06_DuenoGym.mp4","2026-07-29_Video_ENTR-06_DuenoGym.mp4","video","2026-07-29","2026-09-01 14:48","ENTR-06","00:27:51","MP4 (video=H264, audio=AAC)","76096","ec878626d3d4868b1c696871ebdef21ad1f8a9da72752a6e86307c843501e0b9","COMPLETO","Ficha técnica completa: duración, formato/códec, tamaño y SHA-256 registrados."
"Walkthrough/Actas/No_Tecnicos/WALK-NTEC-01_Acta_Original.pdf","WALK-NTEC-01_Acta_Original.pdf","acta","2026-08-16","2026-09-01 14:48","WALK-NTEC-01","NO_APLICA","PDF","270","d43c99be4aa68e4865000ae69d2b1a0a5a281ddc7efd7208ca9105bfb9954157","COMPLETO","Ficha técnica completa: formato, tamaño y SHA-256 registrados; duración no aplica."
"Walkthrough/Actas/No_Tecnicos/WALK-NTEC-02_Acta_Original.pdf","WALK-NTEC-02_Acta_Original.pdf","acta","2026-08-16","2026-09-01 14:48","WALK-NTEC-02","NO_APLICA","PDF","267","13742824cf28464810cb9681942d25065f1f75e6500abaff2475f20bb9325a68","COMPLETO","Ficha técnica completa: formato, tamaño y SHA-256 registrados; duración no aplica."
"Walkthrough/Actas/No_Tecnicos/WALK-NTEC-03_Acta_Original.pdf","WALK-NTEC-03_Acta_Original.pdf","acta","2026-08-22","2026-09-01 14:48","WALK-NTEC-03","NO_APLICA","PDF","270","b90f4c57fbec35a7558c62fc2a2a3dfa66b00485ed03ddf5d65a95a8eb9dd5d4","COMPLETO","Ficha técnica completa: formato, tamaño y SHA-256 registrados; duración no aplica."
"Walkthrough/Actas/Tecnicos/WALK-TEC-01_Acta_Original.pdf","WALK-TEC-01_Acta_Original.pdf","acta","2026-08-12","2026-09-01 14:48","WALK-TEC-01","NO_APLICA","PDF","270","6013f0156208d35265ec070c585d9c67dc04318a1262b91f0500d4dc33ac5d03","COMPLETO","Ficha técnica completa: formato, tamaño y SHA-256 registrados; duración no aplica."
"Walkthrough/Actas/Tecnicos/WALK-TEC-02_Acta_Original.pdf","WALK-TEC-02_Acta_Original.pdf","acta","2026-08-12","2026-09-01 14:48","WALK-TEC-02","NO_APLICA","PDF","270","752f379832407a8b3a58f73407a3d816089fc47fa089317c9249038160d99851","COMPLETO","Ficha técnica completa: formato, tamaño y SHA-256 registrados; duración no aplica."
"Walkthrough/Actas/Tecnicos/WALK-TEC-03_Acta_Original.pdf","WALK-TEC-03_Acta_Original.pdf","acta","2026-08-13","2026-09-01 14:48","WALK-TEC-03","NO_APLICA","PDF","269","5b708d3851bf145a10e12ea854ee5dc44b83b22b48dd3e8a8a9115aa7c8bd969","COMPLETO","Ficha técnica completa: formato, tamaño y SHA-256 registrados; duración no aplica."
"Walkthrough/Audios/No_Tecnicos/2026-08-16_Audio_WALK-NTEC-01_Instructor.mp3","2026-08-16_Audio_WALK-NTEC-01_Instructor.mp3","audio","2026-08-16","2026-09-01 14:48","WALK-NTEC-01","00:17:53","MP3 (audio=MP3)","16769","27c06b2d9cece6c74a01c95af17f792ebaf98097745ac647541e848e86c87d03","COMPLETO","Ficha técnica completa: duración, formato/códec, tamaño y SHA-256 registrados."
"Walkthrough/Audios/No_Tecnicos/2026-08-16_Audio_WALK-NTEC-02_Recepcionista.mp3","2026-08-16_Audio_WALK-NTEC-02_Recepcionista.mp3","audio","2026-08-16","2026-09-01 14:48","WALK-NTEC-02","00:17:57","MP3 (audio=MP3)","16821","1c1a9c504e96d3467dbf7413219fa10a4fa8657970da06508572d32a1054acf6","COMPLETO","Ficha técnica completa: duración, formato/códec, tamaño y SHA-256 registrados."
"Walkthrough/Audios/No_Tecnicos/2026-08-22_Audio_WALK-NTEC-03_DuenoGym.mp3","2026-08-22_Audio_WALK-NTEC-03_DuenoGym.mp3","audio","2026-08-22","2026-09-01 14:48","WALK-NTEC-03","00:22:58","MP3 (audio=MP3)","21526","b8cbcecdb7fbc7c29794e73238f10c18490c684b8807141a8d6b0fd037d024e2","COMPLETO","Ficha técnica completa: duración, formato/códec, tamaño y SHA-256 registrados."
"Walkthrough/Audios/Tecnicos/2026-08-12_Audio_WALK-TEC-01_Ing.Soft.mp3","2026-08-12_Audio_WALK-TEC-01_Ing.Soft.mp3","audio","2026-08-12","2026-09-01 14:48","WALK-TEC-01","00:24:46","MP3 (audio=MP3)","23213","6d6dd8244d67cede67b2db38dc42152780cb549e0fb6834f984b8e9a552e82ce","COMPLETO","Ficha técnica completa: duración, formato/códec, tamaño y SHA-256 registrados."
"Walkthrough/Audios/Tecnicos/2026-08-12_Audio_WALK-TEC-02_Ing.Soft.mp3","2026-08-12_Audio_WALK-TEC-02_Ing.Soft.mp3","audio","2026-08-12","2026-09-01 14:48","WALK-TEC-02","00:26:39","MP3 (audio=MP3)","24989","efc59a79c968b56467b906ec57b346a5922ce28814dfa61938b2a4f890c5d29e","COMPLETO","Ficha técnica completa: duración, formato/códec, tamaño y SHA-256 registrados."
"Walkthrough/Audios/Tecnicos/2026-08-13_Audio_WALK-TEC-03_Ing.Soft.mp3","2026-08-13_Audio_WALK-TEC-03_Ing.Soft.mp3","audio","2026-08-13","2026-09-01 14:48","WALK-TEC-03","00:45:20","MP3 (audio=MP3)","42494","865661cf39c2341df0450a60068a40e65939dad3aee51c958335b4a78cb9e04a","COMPLETO","Ficha técnica completa: duración, formato/códec, tamaño y SHA-256 registrados."
"Walkthrough/Consentimientos/No_Tecnicos/WALK-NTEC-01_Consentimiento_Original.pdf","WALK-NTEC-01_Consentimiento_Original.pdf","consentimiento","2026-08-16","2026-09-01 14:48","WALK-NTEC-01","NO_APLICA","PDF","663","acb8a4d2a72549642e2903f067982626eb2e9e9063c75ed3714e868f158b5b89","COMPLETO","Ficha técnica completa: formato, tamaño y SHA-256 registrados; duración no aplica."
"Walkthrough/Consentimientos/No_Tecnicos/WALK-NTEC-02_Consentimiento_Original.pdf","WALK-NTEC-02_Consentimiento_Original.pdf","consentimiento","2026-08-16","2026-09-01 14:48","WALK-NTEC-02","NO_APLICA","PDF","654","c2c59fa18da16b654f1398b5023b462145e5ce64e4adbbc73138a174866de703","COMPLETO","Ficha técnica completa: formato, tamaño y SHA-256 registrados; duración no aplica."
"Walkthrough/Consentimientos/No_Tecnicos/WALK-NTEC-03_Consentimiento_Original.pdf","WALK-NTEC-03_Consentimiento_Original.pdf","consentimiento","2026-08-22","2026-09-01 14:48","WALK-NTEC-03","NO_APLICA","PDF","658","454de1968b540b6d9cc51e58abedc8f9f685b643d683398a4c00f7375d29f3b6","COMPLETO","Ficha técnica completa: formato, tamaño y SHA-256 registrados; duración no aplica."
"Walkthrough/Consentimientos/Tecnicos/WALK-TEC-01_Consentimiento_Original.pdf","WALK-TEC-01_Consentimiento_Original.pdf","consentimiento","2026-08-12","2026-09-01 14:48","WALK-TEC-01","NO_APLICA","PDF","565","73a193ed70b0b9a1b77a20bd5e06d2073201dddd1202a05498265de39a2f424d","COMPLETO","Ficha técnica completa: formato, tamaño y SHA-256 registrados; duración no aplica."
"Walkthrough/Consentimientos/Tecnicos/WALK-TEC-02_Consentimiento_Original.pdf","WALK-TEC-02_Consentimiento_Original.pdf","consentimiento","2026-08-12","2026-09-01 14:48","WALK-TEC-02","NO_APLICA","PDF","570","9b5e53d7da8e77764b211f2af4776f1fda31661842b75f4aeeadd810637d9431","COMPLETO","Ficha técnica completa: formato, tamaño y SHA-256 registrados; duración no aplica."
"Walkthrough/Consentimientos/Tecnicos/WALK-TEC-03_Consentimiento_Original.pdf","WALK-TEC-03_Consentimiento_Original.pdf","consentimiento","2026-08-13","2026-09-01 14:48","WALK-TEC-03","NO_APLICA","PDF","741","e2dbb0fa575c35850ca7e35d6a97c74ff353f3adcda4067e1d9184cbcb05bc3e","COMPLETO","Ficha técnica completa: formato, tamaño y SHA-256 registrados; duración no aplica."
"Walkthrough/Videos/No_Tecnicos/2026-08-16_Video_WALK-NTEC-01_Instructor.mp4","2026-08-16_Video_WALK-NTEC-01_Instructor.mp4","video","2026-08-16","2026-09-01 14:48","WALK-NTEC-01","00:17:53","MP4 (video=H264, audio=AAC)","53639","893e21b1bf812da5dcad62cd2df801e0f27e7f17d6e57b649e9429ef8342d250","COMPLETO","Ficha técnica completa: duración, formato/códec, tamaño y SHA-256 registrados."
"Walkthrough/Videos/No_Tecnicos/2026-08-16_Video_WALK-NTEC-02_Recepcionista.mp4","2026-08-16_Video_WALK-NTEC-02_Recepcionista.mp4","video","2026-08-16","2026-09-01 14:48","WALK-NTEC-02","00:17:57","MP4 (video=H264, audio=AAC)","56117","35426caae7e710c34a4d8609a9b5e04e98b89042cab6d69d1171f398ec994d98","COMPLETO","Ficha técnica completa: duración, formato/códec, tamaño y SHA-256 registrados."
"Walkthrough/Videos/No_Tecnicos/2026-08-22_Video_WALK-NTEC-03_DuenoGym.mp4","2026-08-22_Video_WALK-NTEC-03_DuenoGym.mp4","video","2026-08-22","2026-09-01 14:48","WALK-NTEC-03","00:22:58","MP4 (video=H264, audio=AAC)","81835","b31e3563d73f0b5cadd8cbf7ca70f8ba298790a5a7ffe52806d67b259bc06f45","COMPLETO","Ficha técnica completa: duración, formato/códec, tamaño y SHA-256 registrados."
"Walkthrough/Videos/Tecnicos/2026-08-12_Video_WALK-TEC-01_Ing.Soft.mp4","2026-08-12_Video_WALK-TEC-01_Ing.Soft.mp4","video","2026-08-12","2026-09-01 14:48","WALK-TEC-01","00:24:46","MP4 (video=H264, audio=AAC)","84476","147eb88ebb07818179611e51e9381cff1f781f53408153f6623c03731326aa5a","COMPLETO","Ficha técnica completa: duración, formato/códec, tamaño y SHA-256 registrados."
"Walkthrough/Videos/Tecnicos/2026-08-12_Video_WALK-TEC-02_Ing.Soft.mp4","2026-08-12_Video_WALK-TEC-02_Ing.Soft.mp4","video","2026-08-12","2026-09-01 14:48","WALK-TEC-02","00:26:39","MP4 (video=H264, audio=AAC)","137351","7285c6d3ff83df7377ba5479cce8d66d9634b9a80a7bfb7fa2958842d3901d0e","COMPLETO","Ficha técnica completa: duración, formato/códec, tamaño y SHA-256 registrados."
"Walkthrough/Videos/Tecnicos/2026-08-13_Video_WALK-TEC-03_Ing.Soft.mp4","2026-08-13_Video_WALK-TEC-03_Ing.Soft.mp4","video","2026-08-13","2026-09-01 14:48","WALK-TEC-03","00:45:20","MP4 (video=H264, audio=AAC)","88461","bdfe452b95c853021efefc2817515fd6dde50e1250156dc22c70e727228a586d","COMPLETO","Ficha técnica completa: duración, formato/códec, tamaño y SHA-256 registrados."
