ID,Tipo,Enunciado_terminal,Fuente,Articulo,Objetivo,Stakeholder,Evidencias,CU,HU,CA,Componente,Mockups,MoSCoW,Kano,Estado_requisito,Estado_MVP
RF-01,RF,El sistema deberá permitir iniciar y cerrar sesión mediante credenciales individuales no biométricas.,LOPDP,Art. 10,Garantizar tratamiento lícito y minimización de datos,Personal autorizado,EV-ENTR02-07,CU-01,HU-01,CA-01,Seguridad,MU-01,Must,Básico,ESPECIFICADO,IMPLEMENTADO
RF-02,RF,"El sistema deberá autorizar cada operación según el rol Administrador, Recepción o Instructor y denegar por defecto las no asignadas.",LOPDP,Art. 20,Controlar acceso por roles y permisos,Administrador,EV-ENTR02-07;EV-ENTR03-06;EV-ENTR08-04,CU-02,HU-02,CA-02,Seguridad,MU-22;MU-32,Must,Básico,ESPECIFICADO,IMPLEMENTADO
RF-03,RF,"El sistema deberá registrar autor, fecha, acción y valores anterior/nuevo para pagos, precios, inventario, membresías y permisos.",LOPDP,Art. 24,Asegurar trazabilidad de eventos críticos,Administrador,EV-ENTR02-04;EV-ENTR02-07;EV-ENTR03-06,,,CA-N/A,Auditoría,MU-25,Should,Desempeño,ESPECIFICADO,NO_APLICA
RF-04,RF,"El sistema deberá registrar un cliente con código interno, nombre de uso y un medio de contacto, sin salud, biometría, dirección ni imagen corporal.",Civil/Operación,Art. N/A,Registrar datos mínimos de cliente,Recepción,EV-ENTR01-02;EV-ENTR02-02;EV-ENTR03-02;EV-ENTR08-01,CU-03,HU-03,CA-03,Clientes,MU-12;MU-37,Must,Desempeño,ESPECIFICADO,IMPLEMENTADO
RF-05,RF,"El sistema deberá buscar clientes por código, nombre normalizado o contacto y mostrar membresía, último pago, asistencia y novedades según permisos.",Civil/Operación,Art. N/A,Consultar ficha de cliente,Recepción,EV-ENTR02-03;EV-ENTR02-08;EV-ENTR08-05,CU-04,HU-04,CA-04,Clientes,MU-11;MU-36,Must,Desempeño,ESPECIFICADO,IMPLEMENTADO
RF-06,RF,El sistema deberá actualizar o reactivar un registro existente y advertir coincidencias antes de crear otro cliente.,Civil/Operación,Art. N/A,Actualizar y reactivar cliente,Recepción,EV-ENTR02-02;EV-ENTR03-02;EV-ENTR04-01;EV-ENTR05-02,CU-05,HU-05,CA-05,Clientes,MU-11;MU-36,Must,Desempeño,ESPECIFICADO,IMPLEMENTADO
RF-07,RF,"El sistema deberá administrar nombre, duración, precio, vigencia y estado de planes y promociones.",Operación,Art. N/A,Configurar catálogo de planes,Administrador,EV-ENTR02-01;EV-ENTR04-01,CU-06,HU-06,CA-06,Membresías,MU-68,Must,Desempeño,ESPECIFICADO,IMPLEMENTADO
RF-08,RF,El sistema deberá activar o renovar una membresía calculando inicio y vencimiento desde un plan vigente y un pago confirmado.,Operación,Art. N/A,Activar y renovar membresía,Recepción,EV-ENTR01-02;EV-ENTR02-04;EV-ENTR03-01;EV-ENTR04-03,CU-07,HU-07,CA-07,Membresías,MU-14;MU-39,Must,Básico,ESPECIFICADO,IMPLEMENTADO
RF-09,RF,"El sistema deberá mostrar estado, plan, fecha de inicio y vencimiento de la membresía.",Operación,Art. N/A,Consultar vigencia,Personal autorizado,EV-ENTR01-03;EV-ENTR02-03;EV-ENTR03-03;EV-ENTR08-02,CU-08,HU-08,CA-08,Membresías,MU-13;MU-38;MU-63(F),Must,Básico,ESPECIFICADO,IMPLEMENTADO
RF-10,RF,"El sistema deberá listar diariamente membresías que vencen en los próximos tres días y las vencidas, sin enviar mensajes externos automáticamente.",Operación,Art. N/A,Alertar vencimientos,Recepción,EV-ENTR01-03;EV-ENTR05-02;EV-ENTR07-02,CU-09,HU-09,CA-09,Membresías,MU-10;MU-13;MU-38,Must,Desempeño,ESPECIFICADO,IMPLEMENTADO
RF-11,RF,"El sistema deberá registrar monto, concepto, medio, referencia y fecha de un pago, y generar un comprobante interno.",Operación,Art. N/A,Registrar pago y comprobante,Recepción,EV-ENTR01-02;EV-ENTR02-04;EV-ENTR03-04;EV-ENTR07-02;EV-ENTR08-03,CU-10,HU-10,CA-10,Pagos,MU-15;MU-16;MU-40;MU-41,Must,Básico,ESPECIFICADO,IMPLEMENTADO
RF-12,RF,"El sistema deberá permitir confirmar, rechazar o corregir un pago pendiente conservando motivo y auditoría.",Operación,Art. N/A,Resolver pagos pendientes,Administrador,EV-ENTR02-04;EV-ENTR03-04;EV-ENTR07-07,,,CA-N/A,Pagos,MU-15;MU-40,Should,Desempeño,ESPECIFICADO,NO_APLICA
RF-13,RF,"El sistema deberá registrar una asistencia no biométrica en una acción tras validar identidad operativa y vigencia, o documentar una excepción autorizada.",Operación,Art. N/A,Registrar asistencia,Recepción,EV-ENTR02-03;EV-ENTR03-03;EV-ENTR04-02;EV-ENTR07-07;EV-ENTR08-02,CU-11,HU-11,CA-11,Asistencia,MU-20;MU-30;MU-46;MU-47,Must,Básico,ESPECIFICADO,IMPLEMENTADO
RF-14,RF,"El sistema deberá filtrar asistencias por cliente, fecha y turno, y mostrar conteos operativos.",Operación,Art. N/A,Consultar asistencia,Personal autorizado,EV-ENTR03-01;EV-ENTR07-01;EV-ENTR08-05;EV-ENTR09-06,CU-12,HU-12,CA-12,Asistencia,MU-20;MU-46;MU-56;MU-65(F),Must,Desempeño,ESPECIFICADO,IMPLEMENTADO
RF-15,RF,"El sistema deberá registrar productos con código, nombre, precio, unidad, stock mínimo y estado.",Operación,Art. N/A,Administrar productos,Administrador,EV-ENTR01-01;EV-ENTR02-05,CU-13,HU-13,CA-13,Inventario,MU-19;MU-28;MU-44;MU-45,Must,Desempeño,ESPECIFICADO,IMPLEMENTADO
RF-16,RF,"El sistema deberá registrar entradas y ajustes con cantidad, motivo, responsable y saldo resultante.",Operación,Art. N/A,Registrar movimientos de stock,Personal autorizado,EV-ENTR01-04;EV-ENTR04-04;EV-ENTR07-03,CU-14,HU-14,CA-14,Inventario,MU-69,Must,Desempeño,ESPECIFICADO,NO_IMPLEMENTADO
RF-17,RF,"El sistema deberá registrar una venta con ítems y medio de pago, y descontar existencias en la misma transacción.",Operación,Art. N/A,Registrar venta,Recepción,EV-ENTR02-05;EV-ENTR03-01;EV-ENTR04-04;EV-ENTR07-03;EV-ENTR08-03,CU-15,HU-15,CA-15,Ventas,MU-18;MU-27;MU-42;MU-43,Must,Básico,ESPECIFICADO,NO_IMPLEMENTADO
RF-18,RF,"El sistema deberá listar productos en o bajo stock mínimo y resumir entradas, salidas y ventas por período.",Base interna,N/A,Alertar stock y rotación,Administrador,EV-ENTR01-04;EV-ENTR02-05;EV-ENTR05-04;EV-ENTR06-04,,,CA-N/A,Inventario,MU-10;MU-19;MU-44,Should,Desempeño,ESPECIFICADO,NO_APLICA
RF-19,RF,"El sistema deberá calcular pagos y ventas por medio, comparar valores declarados y registrar diferencias y entrega de turno.",Operación,Art. N/A,Cerrar turno y conciliar caja,Recepción,EV-ENTR02-01;EV-ENTR02-06;EV-ENTR03-05;EV-ENTR04-05;EV-ENTR07-03;EV-ENTR08-04,CU-16,HU-16,CA-16,Caja,MU-70,Must,Desempeño,ESPECIFICADO,NO_IMPLEMENTADO
RF-20,RF,"El sistema deberá crear una novedad con categoría, detalle mínimo, responsable, vencimiento y estados pendiente, en proceso, resuelta o cancelada.",Operación,Art. N/A,Gestionar novedades internas,Personal autorizado,EV-ENTR02-01;EV-ENTR02-08;EV-ENTR03-07;EV-ENTR04-06;EV-ENTR05-01,CU-17,HU-17,CA-17,Novedades,MU-21;MU-31;MU-50;MU-51;MU-61,Must,Desempeño,ESPECIFICADO,IMPLEMENTADO
RF-21,RF,"El sistema deberá registrar turnos, capacidad, disponibilidad y novedades operativas del instructor, sin datos de salud.",Base interna,N/A,Gestionar horario y disponibilidad de instructor,Administrador,EV-ENTR07-06;EV-ENTR09-03;EV-ENTR10-02,,,CA-N/A,Instructores,MU-23;MU-33;MU-48;MU-49;MU-58,Should,Desempeño,ESPECIFICADO,NO_APLICA
RF-22,RF,"El sistema deberá crear una rutina con objetivo operativo, ejercicios, series, repeticiones, descanso y días, y asignarla a un cliente sintético o autorizado.",Operación,Art. N/A,Administrar rutinas,Instructor,EV-ENTR01-05;EV-ENTR05-04;EV-ENTR09-01;EV-ENTR09-02;EV-ENTR09-03,CU-18,HU-18,CA-18,Rutinas,MU-17;MU-29;MU-54;MU-55;MU-64(F),Must,Básico,ESPECIFICADO,IMPLEMENTADO
RF-23,RF,El sistema deberá crear una nueva versión al modificar ejercicios o parámetros y conservar las versiones anteriores en solo lectura.,Operación,Art. N/A,Registrar seguimiento,Instructor,EV-ENTR01-05;EV-ENTR09-01;EV-ENTR09-04;EV-ENTR10-01;EV-ENTR10-03,CU-19,HU-19,CA-19,Rutinas,MU-17;MU-54,Must,Desempeño,ESPECIFICADO,IMPLEMENTADO
RF-24,RF,"El sistema deberá registrar fecha, cumplimiento de ejercicios, repeticiones y observación operativa, excluyendo diagnósticos, lesiones, peso y medidas reales.",Base interna,N/A,Registrar seguimiento operativo,Instructor,EV-ENTR09-04;EV-ENTR09-05;EV-ENTR09-06;EV-ENTR10-03;EV-ENTR10-04,,,CA-N/A,Rutinas,MU-59;MU-60,Should,Desempeño,ESPECIFICADO,NO_APLICA
RF-25,RF,"El sistema deberá mostrar indicadores filtrables de membresías, pagos, asistencias, ventas, caja, inventario y novedades, con exportación CSV.",Base interna,N/A,Consultar panel y reportes,Administrador,EV-ENTR01-05;EV-ENTR05-05;EV-ENTR06-04;EV-ENTR07-04;EV-ENTR08-05;EV-ENTR09-05,,,CA-N/A,Reportes,MU-10;MU-24;MU-34,Should,Desempeño,ESPECIFICADO,NO_APLICA
RNF-01,RNF,"En cada versión candidata, el 100 % de los RF Must tendrá al menos un criterio de aceptación ejecutable y una evidencia de prueba; no se libera si alguno falla.",ISO/IEC/IEEE 29148,,Adecuación funcional,Equipo PFC / perfiles de usuario,REF-ISO29148,,,CA-N/A,General,,,,ESPECIFICADO,NO_APLICA
RNF-02,RNF,"Con 10 000 clientes sintéticos y 20 sesiones concurrentes, el percentil 95 de búsqueda y consulta de membresía será ≤ 5 s y la tasa de error ≤ 1 %.",ISO/IEC 25010,,Eficiencia de desempeño,Equipo PFC / perfiles de usuario,REF-ISO25010,,,CA-N/A,General,,,,ESPECIFICADO,NO_APLICA
RNF-03,RNF,El registro de asistencia confirmada completará el flujo en ≤ 30 s para al menos 9 de 10 tareas de una prueba moderada.,ISO/IEC 25010,,Eficiencia de desempeño,Equipo PFC / perfiles de usuario,REF-ISO25010,,,CA-N/A,General,,,,ESPECIFICADO,NO_APLICA
RNF-04,RNF,"Las funciones Must superarán el 100 % de sus pruebas en las dos versiones estables más recientes de Chrome, Edge y Firefox disponibles al corte.",ISO/IEC 25010,,Compatibilidad,Equipo PFC / perfiles de usuario,REF-ISO25010,,,CA-N/A,General,,,,ESPECIFICADO,NO_APLICA
RNF-05,RNF,"Al menos 9 de 10 tareas críticas de alta, renovación, pago, asistencia y venta se completarán sin ayuda por cada perfil en walkthrough; la aceptación se verificará con registro reproducible por perfil.",ISO/IEC 25010 / Rúbrica,,Interacción de usuario,Equipo PFC / perfiles de usuario,EV-VAL-01,,,CA-N/A,Interfaces,,,,ESPECIFICADO,NO_APLICA
RNF-06,RNF,"Las pantallas Must cumplirán WCAG 2.2 nivel AA en criterios aplicables mediante auditoría automática y revisión manual, sin errores críticos.",WCAG 2.2,,Interacción de usuario,Equipo PFC / perfiles de usuario,REF-WCAG22,,,CA-N/A,Interfaces,,,,ESPECIFICADO,NO_APLICA
RNF-07,RNF,"Tras 100 operaciones transaccionales de pago, venta y asistencia con una interrupción simulada, no habrá registros parciales y la recuperación será ≤ 10 min.",ISO/IEC 25010,,Fiabilidad,Equipo PFC / perfiles de usuario,REF-ISO25010,,,CA-N/A,General,,,,ESPECIFICADO,NO_APLICA
RNF-08,RNF,Una copia diaria cifrada permitirá restaurar una base sintética de prueba con RPO ≤ 24 h y RTO ≤ 4 h en un simulacro documentado.,ISO/IEC 25010 / OWASP,,Fiabilidad,Equipo PFC / perfiles de usuario,REF-ISO25010;REF-OWASP,,,CA-N/A,General,,,,ESPECIFICADO,NO_APLICA
RNF-09,RNF,El 100 % de las pruebas negativas de autorización impedirá acceso a funciones o datos fuera del rol y registrará el intento sin exponer datos personales.,LOPDP / OWASP,,Seguridad,Equipo PFC / perfiles de usuario,REF-LOPDP;REF-OWASP,,,CA-N/A,Seguridad,,,,ESPECIFICADO,NO_APLICA
RNF-10,RNF,"Por defecto se almacenarán solo código interno, nombre de uso y contacto opcional; salud, biometría, peso, medidas, dirección e imagen corporal real tendrán cobertura de captura igual a 0 % en desarrollo y pruebas.",LOPDP / SPDP,,Seguridad,Equipo PFC / perfiles de usuario,REF-LOPDP;REF-SPDP,,,CA-N/A,Seguridad,,,,ESPECIFICADO,NO_APLICA
RNF-11,RNF,Las sesiones expirarán tras 15 min de inactividad; secretos no se almacenarán en texto claro y todo tráfico de un despliegue conectado usará TLS 1.2 o superior.,OWASP / NIST,,Seguridad,Equipo PFC / perfiles de usuario,REF-OWASP;REF-NIST,,,CA-N/A,Despliegue,,,,ESPECIFICADO,NO_APLICA
RNF-12,RNF,La suite automatizada cubrirá ≥ 70 % de líneas de los módulos de dominio antes de etiquetar una versión candidata.,ISO/IEC 25010,,Mantenibilidad,Equipo PFC / perfiles de usuario,REF-ISO25010,,,CA-N/A,Componentes,,,,ESPECIFICADO,NO_APLICA
RNF-13,RNF,"Los módulos Clientes, Membresías, Pagos, Asistencia, Inventario, Caja y Rutinas tendrán interfaces explícitas; un cambio de regla en un módulo no exigirá modificar más de un módulo consumidor.",ISO/IEC/IEEE 29148,,Mantenibilidad,Equipo PFC / perfiles de usuario,REF-ISO29148,,,CA-N/A,Auditoría,,,,ESPECIFICADO,NO_APLICA
RNF-14,RNF,"El sistema web y sus pruebas se desplegarán con una única instrucción documentada en Windows 11 y una distribución Linux LTS, sin editar código fuente.",ISO/IEC 25010,,Portabilidad,Equipo PFC / perfiles de usuario,REF-ISO25010,,,CA-N/A,General,,,,ESPECIFICADO,NO_APLICA
RNF-15,RNF,"Planes, precios, stock mínimo, roles operativos y ventanas de alerta se modificarán por configuración autorizada sin recompilar ni editar código.",ISO/IEC 25010,,Flexibilidad,Equipo PFC / perfiles de usuario,REF-ISO25010,,,CA-N/A,General,,,,ESPECIFICADO,NO_APLICA
RD-01,RD,"Excluir datos reales de salud y biometría automatizada; usar minimización, seudonimización y datos sintéticos en diseño y pruebas.",LOPDP / SPDP,"Arts. 4, 10, 25, 26 y 39",Restricción de diseño/privacidad,Equipo PFC / responsable del tratamiento,REF-LOPDP;REF-SPDP,,,CA-N/A,Privacidad,,,,ESPECIFICADO,NO_APLICA
RD-02,RD,"Aplicar privacidad desde el diseño y por defecto, mínimo privilegio y conservación limitada.",LOPDP / SPDP,Arts. 10 y 39,Restricción de diseño/privacidad,Equipo PFC / responsable del tratamiento,REF-LOPDP;REF-SPDP,,,CA-N/A,Seguridad,,,,ESPECIFICADO,NO_APLICA
RD-03,RD,"Prever mecanismos trazables de acceso, rectificación, actualización, eliminación, oposición y portabilidad antes de producción.",LOPDP,Art. 39,Restricción de diseño/privacidad,Equipo PFC / responsable del tratamiento,REF-LOPDP,,,CA-N/A,Clientes,,,,ESPECIFICADO,NO_APLICA
RD-04,RD,"No incorporar IA o aprendizaje automático al producto mientras no exista necesidad elicitada, evaluación de riesgo, adenda y validación.",Paquete ético / memo de alcance,Categoría A,Restricción de diseño/privacidad,Equipo PFC / responsable del tratamiento,MEMO-ALCANCE-IA,,,CA-N/A,Alcance,,,,ESPECIFICADO,NO_APLICA
RNF-16,RNF,"El componente propuesto de recomendación de rutinas deberá mostrar, junto con cada rutina recomendada, el objetivo o necesidad principal asociada a la rutina y, cuando existan, las restricciones relevantes registradas para el cliente.",WALK + member checking,N/A,Explicar objetivo y restricciones de la recomendación,Cliente e instructor autorizado.,WALK-TEC-02-F006;WALK-TEC-02-F007;WALK-NTEC-03-F003,N/A,N/A,PV-RNF-16,Componente de recomendación propuesto / vista de rutina,N/A,Should,Desempeño,ESPECIFICADO,NO_IMPLEMENTADO_PROPUESTO
RNF-17,RNF,"Toda rutina propuesta por el componente inteligente deberá ser revisada por un entrenador autorizado antes de asignarse al cliente. El entrenador podrá aceptar, modificar o rechazar la propuesta; el sistema deberá registrar la decisión, el responsable, la fecha y la versión de la rutina, y mostrar la procedencia profesional externa cuando exista.",WALK + member checking,N/A,Garantizar supervisión humana obligatoria y trazable de toda propuesta automática,Entrenador autorizado; cliente,WALK-TEC-02-F008;WALK-TEC-02-F009,N/A,N/A,PV-RNF-17,Componente de recomendación propuesto / registro auditable de revisión,N/A,Should,Desempeño,ESPECIFICADO,NO_IMPLEMENTADO_PROPUESTO
RNF-18,RNF,"El sistema deberá permitir consultar la rutina vigente y el historial de rutinas registradas, mostrando la fecha y las observaciones asociadas cuando estén disponibles.",WALK + member checking,N/A,Mantener historial trazable de rutinas,Cliente e instructor autorizado.,WALK-TEC-01-F003;WALK-TEC-01-F014,N/A,N/A,PV-RNF-18,Gestión de rutinas / historial,N/A,Should,Desempeño,ESPECIFICADO,NO_IMPLEMENTADO_PROPUESTO
RNF-19,RNF,"Cuando el sistema sugiera una rutina inicial o realice una asignación automática de una rutina o clase, deberá mostrar de forma breve el criterio principal utilizado para realizar dicha sugerencia o asignación.",WALK + member checking,N/A,Mostrar el motivo principal de la recomendación,"Instructor y, cuando corresponda, cliente.",WALK-NTEC-01-F008;WALK-TEC-03-F014;WALK-TEC-02-F006,N/A,N/A,PV-RNF-19,Componente de recomendación propuesto / explicación visible,N/A,Should,Desempeño,ESPECIFICADO,NO_IMPLEMENTADO_PROPUESTO
RNF-20,RNF,El componente propuesto de recomendación deberá alcanzar una pertinencia validada por entrenador autorizado en al menos 80 % de los casos sintéticos de prueba definidos antes de cada versión candidata.,"Guía específica FabroGym, sección 8",Punto 1,Validar la pertinencia de la recomendación de rutina,Entrenador autorizado,NO EXISTE PRUEBA EJECUTADA; requisito derivado de norma/diseño,N/A,N/A,PV-RNF-20,Componente de recomendación propuesto / motor de recomendación,N/A,Should,Desempeño,PROPUESTO,NO_IMPLEMENTADO_PROPUESTO
RNF-21,RNF,"En un conjunto de prueba sintético y balanceado, la diferencia máxima entre grupos de edad, condición física declarada y sexo en la tasa de recomendaciones calificadas como no pertinentes por un entrenador autorizado deberá ser menor o igual a 10 puntos porcentuales.","Guía específica FabroGym, sección 8",Punto 3,Controlar equidad y no discriminación,Responsable de calidad y entrenador autorizado,NO EXISTE EVIDENCIA DE CAMPO; requisito derivado de norma/diseño,N/A,N/A,PV-RNF-21,Componente de recomendación propuesto / evaluación de equidad,N/A,Should,Desempeño,PROPUESTO,NO_IMPLEMENTADO_PROPUESTO
RNF-22,RNF,"Después de un eventual despliegue, el sistema deberá registrar el 100 % de las recomendaciones emitidas, aceptadas, modificadas o rechazadas y producir mensualmente indicadores de aceptación, sustitución humana e incidentes para revisión del responsable del producto.","Guía específica FabroGym, sección 8",Punto 5,Monitorear el componente después del despliegue,Responsable del producto,NO EXISTE DESPLIEGUE; requisito derivado de norma/diseño,N/A,N/A,PV-RNF-22,Componente de recomendación propuesto / registro de monitoreo,N/A,Should,Desempeño,PROPUESTO,NO_IMPLEMENTADO_PROPUESTO
RNF-23,RNF,"Antes de habilitar o cambiar el componente propuesto, el responsable del producto deberá clasificar y justificar el 100 % de los riesgos de recomendación en una matriz versionada; el riesgo inicial se considera alto por su posible impacto físico y ninguna versión se habilitará sin supervisión humana y aceptación explícita del riesgo residual.","Guía específica FabroGym, sección 8",Punto 6,Clasificar y justificar el riesgo del componente,Responsable del producto y entrenador autorizado,NO EXISTE EVALUACIÓN EJECUTADA; requisito derivado de norma/diseño,N/A,N/A,PV-RNF-23,Componente de recomendación propuesto / gestión de riesgos,N/A,Should,Desempeño,PROPUESTO,NO_IMPLEMENTADO_PROPUESTO
